原职责ID,原标题,需求ID,新版承载ID,新版承载,新版呈现,责任保留方式,核心任务,对象约束,取消与返回,异常条件,启用建议,运行边界
home,首页,"FR-001,FR-002,FR-007,FR-041,FR-042",home,认识,主入口,在任务内合并，并不删除能力,判断现在从哪里开始 / 从哪里继续,"spaceId,assessmentId,contentVersion,sessionId",四入口各自保留滚动位置与当前状态。,题源未就绪显示原因；访客不被登录拦截。,S1,存在代表性本地交互；不是该职责全量生产实现
explore,探索,"FR-001,FR-003,FR-017",explore,探索,主入口,在任务内合并，并不删除能力,把生活里的一个问题转成探索方向,"topicId,filters,searchQuery",从专题回来保留筛选、关键词及位置。,无结果给清空条件；专题未上线给可做的观察而非假测评。,S1,存在代表性本地交互；不是该职责全量生产实现
topic-list,生活议题,FR-003,explore,探索,主入口,在任务内合并，并不删除能力,把生活里的一个问题转成探索方向,"topicId,filters,searchQuery",从专题回来保留筛选、关键词及位置。,无结果给清空条件；专题未上线给可做的观察而非假测评。,S1,存在代表性本地交互；不是该职责全量生产实现
assessment-search,寻找题组,FR-003,explore,探索,主入口,在任务内合并，并不删除能力,把生活里的一个问题转成探索方向,"topicId,filters,searchQuery",从专题回来保留筛选、关键词及位置。,无结果给清空条件；专题未上线给可做的观察而非假测评。,S1,存在代表性本地交互；不是该职责全量生产实现
assessment-detail,测评详情,"FR-002,FR-004,FR-014,FR-017,FR-018",assessment-detail,了解这项探索,任务页 + 内联说明,在任务内合并，并不删除能力,开始前看清是什么、适不适用,"assessmentId,packVersion,scoringVersion,factorId?",取消不创建答卷；开始成功才转入固定sessionId。,内容缺失或撤回禁止新开正式答卷；已有记录原版本可回看。,S1,存在代表性本地交互；不是该职责全量生产实现
assessment-source,题源与解释依据,FR-004,assessment-detail,了解这项探索,任务页 + 内联说明,在任务内合并，并不删除能力,开始前看清是什么、适不适用,"assessmentId,packVersion,scoringVersion,factorId?",取消不创建答卷；开始成功才转入固定sessionId。,内容缺失或撤回禁止新开正式答卷；已有记录原版本可回看。,S1,存在代表性本地交互；不是该职责全量生产实现
assessment-versions,版本与适用范围,"FR-002,FR-004",assessment-detail,了解这项探索,任务页 + 内联说明,在任务内合并，并不删除能力,开始前看清是什么、适不适用,"assessmentId,packVersion,scoringVersion,factorId?",取消不创建答卷；开始成功才转入固定sessionId。,内容缺失或撤回禁止新开正式答卷；已有记录原版本可回看。,S1,存在代表性本地交互；不是该职责全量生产实现
content-library,本地内容包,"FR-005,FR-048",content,本机内容,任务页,在任务内合并，并不删除能力,知道哪些内容真正可离线使用,"contentPackId,version,checksum,eligibilityStatus",返回原准备页并保留所选版本；更新失败不损坏旧可用包。,下载中断可重试；新版本不能直接改写正在作答的包。,S1,存在代表性本地交互；不是该职责全量生产实现
content-download,获取内容包,FR-005,content,本机内容,任务页,在任务内合并，并不删除能力,知道哪些内容真正可离线使用,"contentPackId,version,checksum,eligibilityStatus",返回原准备页并保留所选版本；更新失败不损坏旧可用包。,下载中断可重试；新版本不能直接改写正在作答的包。,S1,存在代表性本地交互；不是该职责全量生产实现
content-updates,内容更新说明,FR-005,content,本机内容,任务页,在任务内合并，并不删除能力,知道哪些内容真正可离线使用,"contentPackId,version,checksum,eligibilityStatus",返回原准备页并保留所选版本；更新失败不损坏旧可用包。,下载中断可重试；新版本不能直接改写正在作答的包。,S1,存在代表性本地交互；不是该职责全量生产实现
session-prepare,开始之前,"FR-004,FR-006",assessment-detail,了解这项探索,任务页 + 内联说明,在任务内合并，并不删除能力,开始前看清是什么、适不适用,"assessmentId,packVersion,scoringVersion,factorId?",取消不创建答卷；开始成功才转入固定sessionId。,内容缺失或撤回禁止新开正式答卷；已有记录原版本可回看。,S1,存在代表性本地交互；不是该职责全量生产实现
question,专注答题,"FR-006,FR-007,FR-014,FR-015",question,专心作答,全屏任务,在任务内合并，并不删除能力,回答当前一题，并知道存好了没有,"spaceId,sessionId,packVersion,questionId,optionId,answerRevision",暂停保存当前位置；恢复同一答卷同一题；已完成仅回看。,保存失败保持临时选择，下一题不可走；重试或导出临时答案。,S1,存在代表性本地交互；不是该职责全量生产实现
answer-review,检查这次作答,FR-008,review,作答检查与完成,任务页,在任务内合并，并不删除能力,检查漏题并固定这份答卷,"sessionId,answerRevision,submitToken,resultId?",已完成只读；重新开始产生新sessionId，不覆盖旧记录。,缺题定位；重复提交返回同一结果；内容版本不匹配不算。,S1,存在代表性本地交互；不是该职责全量生产实现
assessment-submit,提交与生成结果,FR-008,review,作答检查与完成,任务页,在任务内合并，并不删除能力,检查漏题并固定这份答卷,"sessionId,answerRevision,submitToken,resultId?",已完成只读；重新开始产生新sessionId，不覆盖旧记录。,缺题定位；重复提交返回同一结果；内容版本不匹配不算。,S1,存在代表性本地交互；不是该职责全量生产实现
session-recovery,恢复未完成测评,FR-007,recovery,继续与恢复,就地恢复面板,在任务内合并，并不删除能力,找回未完成任务，不凭最新题库猜进度,"sessionId,packVersion,lastSavedQuestionId",继续原任务；取消仍留在原入口；不隐式合并。,包丢失/数据损坏/空间归属不明分别说明；不可恢复时保留原始数据。,S1,完整结构与异常方案；本轮未做独立高保真页面
unfinished,未完成的探索,"FR-007,FR-011",recovery,继续与恢复,就地恢复面板,在任务内合并，并不删除能力,找回未完成任务，不凭最新题库猜进度,"sessionId,packVersion,lastSavedQuestionId",继续原任务；取消仍留在原入口；不隐式合并。,包丢失/数据损坏/空间归属不明分别说明；不可恢复时保留原始数据。,S1,完整结构与异常方案；本轮未做独立高保真页面
report,我的探索报告,"FR-008,FR-009,FR-010,FR-014",report,读懂一份结果,阅读页 + 因子详情层,在任务内合并，并不删除能力,先理解与自己有关的情境，再读依据与限制,"resultId,resultVersion,factorId,sectionId,interpretationVersion",回到同一段位置；本人补充独立存储，不改原始分数。,未知灰色不是0；不同版本不混合；找不到指定报告不能拿样例替代。,S1,存在代表性本地交互；不是该职责全量生产实现
factor-detail,理解一个因子,"FR-009,FR-014",report,读懂一份结果,阅读页 + 因子详情层,在任务内合并，并不删除能力,先理解与自己有关的情境，再读依据与限制,"resultId,resultVersion,factorId,sectionId,interpretationVersion",回到同一段位置；本人补充独立存储，不改原始分数。,未知灰色不是0；不同版本不混合；找不到指定报告不能拿样例替代。,S1,存在代表性本地交互；不是该职责全量生产实现
report-evidence,这份认识从哪里来,FR-009,report,读懂一份结果,阅读页 + 因子详情层,在任务内合并，并不删除能力,先理解与自己有关的情境，再读依据与限制,"resultId,resultVersion,factorId,sectionId,interpretationVersion",回到同一段位置；本人补充独立存储，不改原始分数。,未知灰色不是0；不同版本不混合；找不到指定报告不能拿样例替代。,S1,存在代表性本地交互；不是该职责全量生产实现
report-feedback,补充我的真实经历,"FR-010,FR-018",report,读懂一份结果,阅读页 + 因子详情层,在任务内合并，并不删除能力,先理解与自己有关的情境，再读依据与限制,"resultId,resultVersion,factorId,sectionId,interpretationVersion",回到同一段位置；本人补充独立存储，不改原始分数。,未知灰色不是0；不同版本不混合；找不到指定报告不能拿样例替代。,S1,存在代表性本地交互；不是该职责全量生产实现
report-explanation,完整解释与相处建议,FR-009,report,读懂一份结果,阅读页 + 因子详情层,在任务内合并，并不删除能力,先理解与自己有关的情境，再读依据与限制,"resultId,resultVersion,factorId,sectionId,interpretationVersion",回到同一段位置；本人补充独立存储，不改原始分数。,未知灰色不是0；不同版本不混合；找不到指定报告不能拿样例替代。,S1,存在代表性本地交互；不是该职责全量生产实现
records,测评记录,"FR-007,FR-011,FR-012,FR-013,FR-015,FR-055",records,测评与记录,任务页,在任务内合并，并不删除能力,按当时的情境找回自己的资料,"spaceId,recordType,recordId,version",打开精确对象，返回原筛选/时间位置。,空状态给可开始的动作；损坏记录单独隔离不清空整个列表。,S1,存在代表性本地交互；不是该职责全量生产实现
record-timeline,认识变化的时间线,FR-011,records,测评与记录,任务页,在任务内合并，并不删除能力,按当时的情境找回自己的资料,"spaceId,recordType,recordId,version",打开精确对象，返回原筛选/时间位置。,空状态给可开始的动作；损坏记录单独隔离不清空整个列表。,S1,存在代表性本地交互；不是该职责全量生产实现
compare-select,选择可比较的记录,FR-012,compare,放在一起看,任务页,在任务内合并，并不删除能力,先判断是否可比，再理解差异,"leftResultId,rightResultId,comparabilityRuleVersion",取消选择保留原记录；不改任何结果。,不同行为/模拟/观察不能拼成趋势；无依据就只并列阅读。,S1,存在代表性本地交互；不是该职责全量生产实现
compare-report,两次探索怎样看,FR-012,compare,放在一起看,任务页,在任务内合并，并不删除能力,先判断是否可比，再理解差异,"leftResultId,rightResultId,comparabilityRuleVersion",取消选择保留原记录；不改任何结果。,不同行为/模拟/观察不能拼成趋势；无依据就只并列阅读。,S1,存在代表性本地交互；不是该职责全量生产实现
share-preview,分享前先看看,FR-013,share,分享预览,任务页,在任务内合并，并不删除能力,只导出本人愿意外发的部分,"resultId,sectionIds,exportSnapshotId,redactionVersion",取消不导出；返回报告原片段；预览与实际内容一致。,文件生成失败不显示已保存；文件离开设备后不可远程撤回。,S1,存在代表性本地交互；不是该职责全量生产实现
share-records,分享记录与控制,FR-013,share,分享预览,任务页,在任务内合并，并不删除能力,只导出本人愿意外发的部分,"resultId,sectionIds,exportSnapshotId,redactionVersion",取消不导出；返回报告原片段；预览与实际内容一致。,文件生成失败不显示已保存；文件离开设备后不可远程撤回。,S1,存在代表性本地交互；不是该职责全量生产实现
single-factor-list,先了解一个角度,FR-014,light-suite,轻量探索,选择层 + 复用作答/报告,在任务内合并，并不删除能力,用较轻的方式理解某个角度,"mode,factorId,daySetId,contentVersion,simulationId",沿原入口返回；正式作答仍使用同一个session与瓶子组件。,正式题组未就绪不伪造；重复进入每日不随机换题；模拟无结论依据只示意。,S1,存在代表性本地交互；不是该职责全量生产实现
single-factor-detail,单因子探索说明,FR-014,light-suite,轻量探索,选择层 + 复用作答/报告,在任务内合并，并不删除能力,用较轻的方式理解某个角度,"mode,factorId,daySetId,contentVersion,simulationId",沿原入口返回；正式作答仍使用同一个session与瓶子组件。,正式题组未就绪不伪造；重复进入每日不随机换题；模拟无结论依据只示意。,S1,存在代表性本地交互；不是该职责全量生产实现
daily,每日随机探索,FR-015,light-suite,轻量探索,选择层 + 复用作答/报告,在任务内合并，并不删除能力,用较轻的方式理解某个角度,"mode,factorId,daySetId,contentVersion,simulationId",沿原入口返回；正式作答仍使用同一个session与瓶子组件。,正式题组未就绪不伪造；重复进入每日不随机换题；模拟无结论依据只示意。,S1,存在代表性本地交互；不是该职责全量生产实现
daily-review,每日观察回看,"FR-011,FR-015",light-suite,轻量探索,选择层 + 复用作答/报告,在任务内合并，并不删除能力,用较轻的方式理解某个角度,"mode,factorId,daySetId,contentVersion,simulationId",沿原入口返回；正式作答仍使用同一个session与瓶子组件。,正式题组未就绪不伪造；重复进入每日不随机换题；模拟无结论依据只示意。,S1,存在代表性本地交互；不是该职责全量生产实现
light-intro,轻量探索,FR-003,light-suite,轻量探索,选择层 + 复用作答/报告,在任务内合并，并不删除能力,用较轻的方式理解某个角度,"mode,factorId,daySetId,contentVersion,simulationId",沿原入口返回；正式作答仍使用同一个session与瓶子组件。,正式题组未就绪不伪造；重复进入每日不随机换题；模拟无结论依据只示意。,S1,存在代表性本地交互；不是该职责全量生产实现
simulation,模拟一种人格组合,FR-016,light-suite,轻量探索,选择层 + 复用作答/报告,在任务内合并，并不删除能力,用较轻的方式理解某个角度,"mode,factorId,daySetId,contentVersion,simulationId",沿原入口返回；正式作答仍使用同一个session与瓶子组件。,正式题组未就绪不伪造；重复进入每日不随机换题；模拟无结论依据只示意。,S1,存在代表性本地交互；不是该职责全量生产实现
simulation-presets,模拟组合起点,FR-016,light-suite,轻量探索,选择层 + 复用作答/报告,在任务内合并，并不删除能力,用较轻的方式理解某个角度,"mode,factorId,daySetId,contentVersion,simulationId",沿原入口返回；正式作答仍使用同一个session与瓶子组件。,正式题组未就绪不伪造；重复进入每日不随机换题；模拟无结论依据只示意。,S1,存在代表性本地交互；不是该职责全量生产实现
simulation-result,假设组合的观察,FR-016,light-suite,轻量探索,选择层 + 复用作答/报告,在任务内合并，并不删除能力,用较轻的方式理解某个角度,"mode,factorId,daySetId,contentVersion,simulationId",沿原入口返回；正式作答仍使用同一个session与瓶子组件。,正式题组未就绪不伪造；重复进入每日不随机换题；模拟无结论依据只示意。,S1,存在代表性本地交互；不是该职责全量生产实现
assessment-favorites,想以后探索的题组,FR-003,explore,探索,主入口,在任务内合并，并不删除能力,把生活里的一个问题转成探索方向,"topicId,filters,searchQuery",从专题回来保留筛选、关键词及位置。,无结果给清空条件；专题未上线给可做的观察而非假测评。,S1,存在代表性本地交互；不是该职责全量生产实现
personality-guide,先读懂这些概念,FR-019,article,理解的方法,阅读页,在任务内合并，并不删除能力,借一段概念解释，减少标签化误解,"articleId,articleVersion,sectionId,excerpt",回原阅读位置；提问只进入草稿，不自动发送。,文章撤回可标记旧引用不可新用；选段为空要明确提示。,S1,存在代表性本地交互；不是该职责全量生产实现
exploration-perspectives,换几个角度认识自己,FR-003,article,理解的方法,阅读页,在任务内合并，并不删除能力,借一段概念解释，减少标签化误解,"articleId,articleVersion,sectionId,excerpt",回原阅读位置；提问只进入草稿，不自动发送。,文章撤回可标记旧引用不可新用；选段为空要明确提示。,S1,存在代表性本地交互；不是该职责全量生产实现
decision-context,梳理这次的现实问题,"FR-017,FR-033",journal,本人观察,专注编辑页,在任务内合并，并不删除能力,用具体经历表达自己,"noteId,revision,contextType,sourceRef?",保存回原记录集合；不自动外发、不自动变记忆。,失败保持当前输入；删除后引用失效；导出副本无法撤回。,S1,存在代表性本地交互；不是该职责全量生产实现
session-checkin,此刻的状态与感受,FR-018,journal,本人观察,专注编辑页,在任务内合并，并不删除能力,用具体经历表达自己,"noteId,revision,contextType,sourceRef?",保存回原记录集合；不自动外发、不自动变记忆。,失败保持当前输入；删除后引用失效；导出副本无法撤回。,S1,存在代表性本地交互；不是该职责全量生产实现
knowledge-detail,性格解释应该怎样读,FR-019,article,理解的方法,阅读页,在任务内合并，并不删除能力,借一段概念解释，减少标签化误解,"articleId,articleVersion,sectionId,excerpt",回原阅读位置；提问只进入草稿，不自动发送。,文章撤回可标记旧引用不可新用；选段为空要明确提示。,S1,存在代表性本地交互；不是该职责全量生产实现
assistant,个人助理,"FR-001,FR-020,FR-022,FR-023",assistant,助理,主入口,在任务内合并，并不删除能力,把一个具体问题准备清楚,"spaceId,accountId?,draftId,sourceRefs",进入认证/会员后回同一草稿，不自动发AI。,未登录0次；登录免费分析+聊天合计10/日；不足保留草稿。,S2,存在代表性本地交互；不是该职责全量生产实现
conversation-list,过去聊过的,"FR-021,FR-055",conversations,聊过的话题,任务页,在任务内合并，并不删除能力,继续某一段旧对话,"accountId,conversationId",回列表原位置；新话题需明确创建新对象。,对象不属于当前空间/不存在/已删分别处理。,S2,存在代表性本地交互；不是该职责全量生产实现
conversation-detail,连续对话,"FR-019,FR-020,FR-021",conversation,对话正文,对话任务页,在任务内合并，并不删除能力,连续整理这一个问题,"conversationId,messageId,requestId,accountId,sourceSnapshotId",离开保留草稿；历史不重算、不重新扣次；返回原对话。,停止/超时/认证过期/切账号/引用撤回；查询原请求，禁止无限重发。,S2,存在代表性本地交互；不是该职责全量生产实现
conversation-settings,这段对话,"FR-020,FR-030",conversation,对话正文,对话任务页,在任务内合并，并不删除能力,连续整理这一个问题,"conversationId,messageId,requestId,accountId,sourceSnapshotId",离开保留草稿；历史不重算、不重新扣次；返回原对话。,停止/超时/认证过期/切账号/引用撤回；查询原请求，禁止无限重发。,S2,存在代表性本地交互；不是该职责全量生产实现
context-select,选择本次依据,FR-022,context,本次引用,选择层 + 预览层,在任务内合并，并不删除能力,明确这一条请求会用到什么,"draftId,sourceRef(kind,id,version,sectionId,status),grantId",取消不更改原选择；确认只写草稿引用，不发送。,来源删除/修改/停用时发送前重检；在途返回前再核验。,S2,完整结构与异常方案；本轮未做独立高保真页面
context-preview,本次会参考什么,FR-022,context,本次引用,选择层 + 预览层,在任务内合并，并不删除能力,明确这一条请求会用到什么,"draftId,sourceRef(kind,id,version,sectionId,status),grantId",取消不更改原选择；确认只写草稿引用，不发送。,来源删除/修改/停用时发送前重检；在途返回前再核验。,S2,完整结构与异常方案；本轮未做独立高保真页面
ai-quota,AI共用次数,"FR-023,FR-024,FR-050",usage,AI用量,就地额度层 + 明细,在任务内合并，并不删除能力,知道能否请求、为什么扣、怎样追原单,"accountId,requestId,quotaPolicyVersion,ledgerEntryId",不足返回原草稿；买后查询原请求，不强制重新发送。,失败/取消/重试如何结算待定；没有服务端账本不宣称防绕过。,S2,完整结构与异常方案；本轮未做独立高保真页面
ai-usage-history,AI使用记录,FR-024,usage,AI用量,就地额度层 + 明细,在任务内合并，并不删除能力,知道能否请求、为什么扣、怎样追原单,"accountId,requestId,quotaPolicyVersion,ledgerEntryId",不足返回原草稿；买后查询原请求，不强制重新发送。,失败/取消/重试如何结算待定；没有服务端账本不宣称防绕过。,S2,完整结构与异常方案；本轮未做独立高保真页面
my-portrait,我正在了解的自己,FR-026,portrait,正在认识的自己,关系图阅读页,在任务内合并，并不删除能力,看清不同认识来自哪里、哪些还不知道,"portraitRevision,evidenceRefs,reflectionId",点节点去对应来源，回来保留视角；修正不改测量记录。,没有证据留白；矛盾并列，不强行综合为更准确。,S2,存在代表性本地交互；不是该职责全量生产实现
portrait-insight,一条认识的来由,"FR-026,FR-027",portrait,正在认识的自己,关系图阅读页,在任务内合并，并不删除能力,看清不同认识来自哪里、哪些还不知道,"portraitRevision,evidenceRefs,reflectionId",点节点去对应来源，回来保留视角；修正不改测量记录。,没有证据留白；矛盾并列，不强行综合为更准确。,S2,存在代表性本地交互；不是该职责全量生产实现
portrait-reflection,补充我的情境,"FR-010,FR-027",portrait,正在认识的自己,关系图阅读页,在任务内合并，并不删除能力,看清不同认识来自哪里、哪些还不知道,"portraitRevision,evidenceRefs,reflectionId",点节点去对应来源，回来保留视角；修正不改测量记录。,没有证据留白；矛盾并列，不强行综合为更准确。,S2,存在代表性本地交互；不是该职责全量生产实现
memory-list,助理记住了什么,"FR-028,FR-055",memories,助理记忆,列表 + 编辑/来源层,在任务内合并，并不删除能力,确认、修改、停用或删除一条可长期使用的认识,"memoryId,revision,sourceRefs,confirmationId",取消编辑保留原版本；停用不等于删除历史聊天。,旧版本/停用源不可进入新检索；在途任务不得复活被删记忆。,S2,存在代表性本地交互；不是该职责全量生产实现
memory-detail,一条记忆,"FR-028,FR-029",memories,助理记忆,列表 + 编辑/来源层,在任务内合并，并不删除能力,确认、修改、停用或删除一条可长期使用的认识,"memoryId,revision,sourceRefs,confirmationId",取消编辑保留原版本；停用不等于删除历史聊天。,旧版本/停用源不可进入新检索；在途任务不得复活被删记忆。,S2,存在代表性本地交互；不是该职责全量生产实现
memory-inbox,这些值得记住吗,FR-028,memories,助理记忆,列表 + 编辑/来源层,在任务内合并，并不删除能力,确认、修改、停用或删除一条可长期使用的认识,"memoryId,revision,sourceRefs,confirmationId",取消编辑保留原版本；停用不等于删除历史聊天。,旧版本/停用源不可进入新检索；在途任务不得复活被删记忆。,S2,存在代表性本地交互；不是该职责全量生产实现
memory-edit,编辑一条记忆,FR-029,memories,助理记忆,列表 + 编辑/来源层,在任务内合并，并不删除能力,确认、修改、停用或删除一条可长期使用的认识,"memoryId,revision,sourceRefs,confirmationId",取消编辑保留原版本；停用不等于删除历史聊天。,旧版本/停用源不可进入新检索；在途任务不得复活被删记忆。,S2,存在代表性本地交互；不是该职责全量生产实现
memory-source,这条信息的来源,FR-029,memories,助理记忆,列表 + 编辑/来源层,在任务内合并，并不删除能力,确认、修改、停用或删除一条可长期使用的认识,"memoryId,revision,sourceRefs,confirmationId",取消编辑保留原版本；停用不等于删除历史聊天。,旧版本/停用源不可进入新检索；在途任务不得复活被删记忆。,S2,存在代表性本地交互；不是该职责全量生产实现
memory-controls,记忆怎样使用,FR-030,privacy,隐私与引用,分组设置页,在任务内合并，并不删除能力,分别决定外发、保存与长期使用,"accountId,consentRevision,retentionPolicy,sourceGrantId",不开权限仍可用本地资料；关闭聊天留存不自动删除旧聊天。,撤回需作用于新/在途任务；供应商实际留存未明不能虚构承诺。,S2,存在代表性本地交互；不是该职责全量生产实现
memory-changes,记忆的更改记录,FR-029,memories,助理记忆,列表 + 编辑/来源层,在任务内合并，并不删除能力,确认、修改、停用或删除一条可长期使用的认识,"memoryId,revision,sourceRefs,confirmationId",取消编辑保留原版本；停用不等于删除历史聊天。,旧版本/停用源不可进入新检索；在途任务不得复活被删记忆。,S2,存在代表性本地交互；不是该职责全量生产实现
action-list,我想试试的事,"FR-031,FR-032",actions,我的小尝试,任务列表 + 就地编辑,在任务内合并，并不删除能力,把一个建议变成可选择的小实验,"actionId,sourceRef,reviewId",回到原建议或列表；观察可以独立存在。,过期建议可标记；失败保存保留文字，不以连续天数评价用户。,S2,存在代表性本地交互；不是该职责全量生产实现
action-detail,一个小尝试,"FR-031,FR-032,FR-035",actions,我的小尝试,任务列表 + 就地编辑,在任务内合并，并不删除能力,把一个建议变成可选择的小实验,"actionId,sourceRef,reviewId",回到原建议或列表；观察可以独立存在。,过期建议可标记；失败保存保留文字，不以连续天数评价用户。,S2,存在代表性本地交互；不是该职责全量生产实现
action-edit,安排一个小尝试,FR-031,actions,我的小尝试,任务列表 + 就地编辑,在任务内合并，并不删除能力,把一个建议变成可选择的小实验,"actionId,sourceRef,reviewId",回到原建议或列表；观察可以独立存在。,过期建议可标记；失败保存保留文字，不以连续天数评价用户。,S2,存在代表性本地交互；不是该职责全量生产实现
observation-edit,记下一点观察,FR-032,journal,本人观察,专注编辑页,在任务内合并，并不删除能力,用具体经历表达自己,"noteId,revision,contextType,sourceRef?",保存回原记录集合；不自动外发、不自动变记忆。,失败保持当前输入；删除后引用失效；导出副本无法撤回。,S1,存在代表性本地交互；不是该职责全量生产实现
observation-history,我的观察与变化,FR-032,records,测评与记录,任务页,在任务内合并，并不删除能力,按当时的情境找回自己的资料,"spaceId,recordType,recordId,version",打开精确对象，返回原筛选/时间位置。,空状态给可开始的动作；损坏记录单独隔离不清空整个列表。,S1,存在代表性本地交互；不是该职责全量生产实现
action-review,回看这次尝试,FR-031,actions,我的小尝试,任务列表 + 就地编辑,在任务内合并，并不删除能力,把一个建议变成可选择的小实验,"actionId,sourceRef,reviewId",回到原建议或列表；观察可以独立存在。,过期建议可标记；失败保存保留文字，不以连续天数评价用户。,S2,存在代表性本地交互；不是该职责全量生产实现
ai-settings,我希望怎样交流,FR-040,settings,偏好,组合设置页,在任务内合并，并不删除能力,改变展示或助理偏好，不改变原资料,"preferencesRevision,fontScale,motionPreference",应用即保留，有失败提示；回原位置。,系统字体/动态优先级明确；拒绝无关权限不影响本地任务。,S1,存在代表性本地交互；不是该职责全量生产实现
skills-list,后续协作能力,FR-034,skills,助理技能,后续选择层,在任务内合并，并不删除能力,选择明确的整理方法而不是改变人格,"skillId,skillVersion,requestId,grantId",取消不调用；结束把结果关联原对话。,技能不可用/越权有原因；外部动作另需授权。,S4,完整结构与异常方案；本轮未做独立高保真页面
skill-detail,一种协作方法,FR-034,skills,助理技能,后续选择层,在任务内合并，并不删除能力,选择明确的整理方法而不是改变人格,"skillId,skillVersion,requestId,grantId",取消不调用；结束把结果关联原对话。,技能不可用/越权有原因；外部动作另需授权。,S4,完整结构与异常方案；本轮未做独立高保真页面
reminder-settings,回看提醒方案,FR-035,reminders,轻提醒,后续设置层,在任务内合并，并不删除能力,在本人愿意时提醒某个小尝试,"reminderId,actionId,notificationPermission",关闭只停止提醒，不删除行动或观察。,拒绝权限不挡离线记录；系统没授权不能说已开启。,S4,完整结构与异常方案；本轮未做独立高保真页面
life-space-list,我持续关心的问题,FR-033,life-spaces,生活空间,后续聚合任务,在任务内合并，并不删除能力,按持续议题收拢相关记录,"lifeSpaceId,memberRecordIds",明确保留/移出关联，原对象仍可从记录找到。,重复归属不重复数据；删空间不默认删源记录。,S4,完整结构与异常方案；本轮未做独立高保真页面
life-space-detail,围绕一个生活问题,FR-033,life-spaces,生活空间,后续聚合任务,在任务内合并，并不删除能力,按持续议题收拢相关记录,"lifeSpaceId,memberRecordIds",明确保留/移出关联，原对象仍可从记录找到。,重复归属不重复数据；删空间不默认删源记录。,S4,完整结构与异常方案；本轮未做独立高保真页面
situational-self,不同情境中的我,FR-026,journal,本人观察,专注编辑页,在任务内合并，并不删除能力,用具体经历表达自己,"noteId,revision,contextType,sourceRef?",保存回原记录集合；不自动外发、不自动变记忆。,失败保持当前输入；删除后引用失效；导出副本无法撤回。,S1,存在代表性本地交互；不是该职责全量生产实现
understanding-gaps,我们知道什么，还缺什么,FR-026,portrait,正在认识的自己,关系图阅读页,在任务内合并，并不删除能力,看清不同认识来自哪里、哪些还不知道,"portraitRevision,evidenceRefs,reflectionId",点节点去对应来源，回来保留视角；修正不改测量记录。,没有证据留白；矛盾并列，不强行综合为更准确。,S2,存在代表性本地交互；不是该职责全量生产实现
insight-reconcile,把不同说法放在一起,FR-027,portrait,正在认识的自己,关系图阅读页,在任务内合并，并不删除能力,看清不同认识来自哪里、哪些还不知道,"portraitRevision,evidenceRefs,reflectionId",点节点去对应来源，回来保留视角；修正不改测量记录。,没有证据留白；矛盾并列，不强行综合为更准确。,S2,存在代表性本地交互；不是该职责全量生产实现
strength-experiment,让一个优势用在生活里,FR-031,actions,我的小尝试,任务列表 + 就地编辑,在任务内合并，并不删除能力,把一个建议变成可选择的小实验,"actionId,sourceRef,reviewId",回到原建议或列表；观察可以独立存在。,过期建议可标记；失败保存保留文字，不以连续天数评价用户。,S2,存在代表性本地交互；不是该职责全量生产实现
ai-analysis,AI分析,"FR-022,FR-023,FR-025",analysis,按需解析,报告内展开 + 结果读取,在任务内合并，并不删除能力,只对选定结果增加一层有来源的解释,"resultId,resultVersion,analysisId,requestId,sourceSnapshotId",关闭回报告同片段；读已生成结果不另扣次数。,原报告删除/撤回时晚到解析不能复活资料；失败仍可读原报告。,S2,完整结构与异常方案；本轮未做独立高保真页面
ai-analysis-result,AI分析结果,"FR-024,FR-025",analysis,按需解析,报告内展开 + 结果读取,在任务内合并，并不删除能力,只对选定结果增加一层有来源的解释,"resultId,resultVersion,analysisId,requestId,sourceSnapshotId",关闭回报告同片段；读已生成结果不另扣次数。,原报告删除/撤回时晚到解析不能复活资料；失败仍可读原报告。,S2,完整结构与异常方案；本轮未做独立高保真页面
profile,我的,"FR-001,FR-036",me,我的,主入口,在任务内合并，并不删除能力,找回自己留下的资料并掌握使用范围,"spaceId,profileId,localStats",四Tab保存自身位置；去设置回来不丢状态。,无记录就留白，非零人格分；演示资料不混入真实画像。,S1,存在代表性本地交互；不是该职责全量生产实现
welcome,从认识自己开始,FR-001,home,认识,主入口,在任务内合并，并不删除能力,判断现在从哪里开始 / 从哪里继续,"spaceId,assessmentId,contentVersion,sessionId",四入口各自保留滚动位置与当前状态。,题源未就绪显示原因；访客不被登录拦截。,S1,存在代表性本地交互；不是该职责全量生产实现
login,登录,FR-037,auth,登录与注册,单一连续任务,在任务内合并，并不删除能力,验证身份后回到原动作,"authFlowId,returnTarget,draftId,guestSpaceId,accountId",取消返回原稿；认证成功只恢复原操作，不自动请求AI。,认证过期/错误/恢复；切账号不自动搬资料或接收旧任务。,S2,存在代表性本地交互；不是该职责全量生产实现
register,创建账号,FR-037,auth,登录与注册,单一连续任务,在任务内合并，并不删除能力,验证身份后回到原动作,"authFlowId,returnTarget,draftId,guestSpaceId,accountId",取消返回原稿；认证成功只恢复原操作，不自动请求AI。,认证过期/错误/恢复；切账号不自动搬资料或接收旧任务。,S2,存在代表性本地交互；不是该职责全量生产实现
verify-code,验证身份,FR-037,auth,登录与注册,单一连续任务,在任务内合并，并不删除能力,验证身份后回到原动作,"authFlowId,returnTarget,draftId,guestSpaceId,accountId",取消返回原稿；认证成功只恢复原操作，不自动请求AI。,认证过期/错误/恢复；切账号不自动搬资料或接收旧任务。,S2,存在代表性本地交互；不是该职责全量生产实现
account-recovery,账号恢复,FR-038,account,账号与安全,任务页 + 删除流程,在任务内合并，并不删除能力,理解身份、空间、在途任务之间的关系,"accountId,spaceId,sessionTokenId,deletionRequestId",取消不删；退出不宣称已清理所有副本。,注销失败显示真实阶段；在途任务隔离；购买保留义务待实际规则。,S2,存在代表性本地交互；不是该职责全量生产实现
account-security,账号与安全,"FR-038,FR-039,FR-056",account,账号与安全,任务页 + 删除流程,在任务内合并，并不删除能力,理解身份、空间、在途任务之间的关系,"accountId,spaceId,sessionTokenId,deletionRequestId",取消不删；退出不宣称已清理所有副本。,注销失败显示真实阶段；在途任务隔离；购买保留义务待实际规则。,S2,存在代表性本地交互；不是该职责全量生产实现
account-delete,注销账号,FR-039,account,账号与安全,任务页 + 删除流程,在任务内合并，并不删除能力,理解身份、空间、在途任务之间的关系,"accountId,spaceId,sessionTokenId,deletionRequestId",取消不删；退出不宣称已清理所有副本。,注销失败显示真实阶段；在途任务隔离；购买保留义务待实际规则。,S2,存在代表性本地交互；不是该职责全量生产实现
profile-edit,个人信息,FR-036,me,我的,主入口,在任务内合并，并不删除能力,找回自己留下的资料并掌握使用范围,"spaceId,profileId,localStats",四Tab保存自身位置；去设置回来不丢状态。,无记录就留白，非零人格分；演示资料不混入真实画像。,S1,存在代表性本地交互；不是该职责全量生产实现
settings,设置,"FR-040,FR-056",settings,偏好,组合设置页,在任务内合并，并不删除能力,改变展示或助理偏好，不改变原资料,"preferencesRevision,fontScale,motionPreference",应用即保留，有失败提示；回原位置。,系统字体/动态优先级明确；拒绝无关权限不影响本地任务。,S1,存在代表性本地交互；不是该职责全量生产实现
theme,主题与呼吸效果,FR-041,appearance,主题与形象,可预览的配置页,在任务内合并，并不删除能力,在不打断体验的情况下换外观,"themeId,avatarPresetId,motionPreference",取消层不改其他偏好；改变外观不重启答卷。,减少动态保留静态色彩；缺失素材回默认外观但不动业务数据。,S1,存在代表性本地交互；不是该职责全量生产实现
avatar,自己的形象,FR-042,appearance,主题与形象,可预览的配置页,在任务内合并，并不删除能力,在不打断体验的情况下换外观,"themeId,avatarPresetId,motionPreference",取消层不改其他偏好；改变外观不重启答卷。,减少动态保留静态色彩；缺失素材回默认外观但不动业务数据。,S1,存在代表性本地交互；不是该职责全量生产实现
avatar-editor,形象编辑方案,FR-042,appearance,主题与形象,可预览的配置页,在任务内合并，并不删除能力,在不打断体验的情况下换外观,"themeId,avatarPresetId,motionPreference",取消层不改其他偏好；改变外观不重启答卷。,减少动态保留静态色彩；缺失素材回默认外观但不动业务数据。,S1,存在代表性本地交互；不是该职责全量生产实现
display-settings,阅读与可访问性,"FR-040,FR-041",settings,偏好,组合设置页,在任务内合并，并不删除能力,改变展示或助理偏好，不改变原资料,"preferencesRevision,fontScale,motionPreference",应用即保留，有失败提示；回原位置。,系统字体/动态优先级明确；拒绝无关权限不影响本地任务。,S1,存在代表性本地交互；不是该职责全量生产实现
notification-settings,通知偏好,"FR-035,FR-043",reminders,轻提醒,后续设置层,在任务内合并，并不删除能力,在本人愿意时提醒某个小尝试,"reminderId,actionId,notificationPermission",关闭只停止提醒，不删除行动或观察。,拒绝权限不挡离线记录；系统没授权不能说已开启。,S4,完整结构与异常方案；本轮未做独立高保真页面
privacy,隐私与控制,"FR-030,FR-039,FR-044,FR-056",privacy,隐私与引用,分组设置页,在任务内合并，并不删除能力,分别决定外发、保存与长期使用,"accountId,consentRevision,retentionPolicy,sourceGrantId",不开权限仍可用本地资料；关闭聊天留存不自动删除旧聊天。,撤回需作用于新/在途任务；供应商实际留存未明不能虚构承诺。,S2,存在代表性本地交互；不是该职责全量生产实现
privacy-policy,隐私说明,FR-044,privacy,隐私与引用,分组设置页,在任务内合并，并不删除能力,分别决定外发、保存与长期使用,"accountId,consentRevision,retentionPolicy,sourceGrantId",不开权限仍可用本地资料；关闭聊天留存不自动删除旧聊天。,撤回需作用于新/在途任务；供应商实际留存未明不能虚构承诺。,S2,存在代表性本地交互；不是该职责全量生产实现
terms,用户协议,FR-044,privacy,隐私与引用,分组设置页,在任务内合并，并不删除能力,分别决定外发、保存与长期使用,"accountId,consentRevision,retentionPolicy,sourceGrantId",不开权限仍可用本地资料；关闭聊天留存不自动删除旧聊天。,撤回需作用于新/在途任务；供应商实际留存未明不能虚构承诺。,S2,存在代表性本地交互；不是该职责全量生产实现
permission-settings,系统权限,FR-044,privacy,隐私与引用,分组设置页,在任务内合并，并不删除能力,分别决定外发、保存与长期使用,"accountId,consentRevision,retentionPolicy,sourceGrantId",不开权限仍可用本地资料；关闭聊天留存不自动删除旧聊天。,撤回需作用于新/在途任务；供应商实际留存未明不能虚构承诺。,S2,存在代表性本地交互；不是该职责全量生产实现
data-center,我的数据,"FR-045,FR-046,FR-047,FR-048,FR-055",data,我的数据,任务页 + 范围确认,在任务内合并，并不删除能力,知道在哪里、能导出什么、清理会失去什么,"spaceId,exportId,manifestVersion,deleteScope,importBatchId",取消不写；导出可验证文件；清理前范围和不可撤回可见。,存储不足、格式不符、冲突需回滚；不假报已下载或已清空云端。,S1,存在代表性本地交互；不是该职责全量生产实现
data-export,导出资料,FR-045,data,我的数据,任务页 + 范围确认,在任务内合并，并不删除能力,知道在哪里、能导出什么、清理会失去什么,"spaceId,exportId,manifestVersion,deleteScope,importBatchId",取消不写；导出可验证文件；清理前范围和不可撤回可见。,存储不足、格式不符、冲突需回滚；不假报已下载或已清空云端。,S1,存在代表性本地交互；不是该职责全量生产实现
data-import,导入备份,FR-046,data,我的数据,任务页 + 范围确认,在任务内合并，并不删除能力,知道在哪里、能导出什么、清理会失去什么,"spaceId,exportId,manifestVersion,deleteScope,importBatchId",取消不写；导出可验证文件；清理前范围和不可撤回可见。,存储不足、格式不符、冲突需回滚；不假报已下载或已清空云端。,S1,存在代表性本地交互；不是该职责全量生产实现
backup-sync,备份与同步方案,FR-047,sync,备份与冲突,后续任务页,在任务内合并，并不删除能力,区分备份、同步与换机恢复,"backupId,syncCursor,conflictId,spaceId,revision",取消保留两份版本；成功返回明确逐项结果。,离线删除墓碑必须传播；不可复活已删；授权拒绝可继续本地。,S4,完整结构与异常方案；本轮未做独立高保真页面
sync-conflicts,处理资料冲突,"FR-046,FR-047",sync,备份与冲突,后续任务页,在任务内合并，并不删除能力,区分备份、同步与换机恢复,"backupId,syncCursor,conflictId,spaceId,revision",取消保留两份版本；成功返回明确逐项结果。,离线删除墓碑必须传播；不可复活已删；授权拒绝可继续本地。,S4,完整结构与异常方案；本轮未做独立高保真页面
clear-data,清理本机数据,FR-048,data,我的数据,任务页 + 范围确认,在任务内合并，并不删除能力,知道在哪里、能导出什么、清理会失去什么,"spaceId,exportId,manifestVersion,deleteScope,importBatchId",取消不写；导出可验证文件；清理前范围和不可撤回可见。,存储不足、格式不符、冲突需回滚；不假报已下载或已清空云端。,S1,存在代表性本地交互；不是该职责全量生产实现
help,帮助与反馈,FR-049,support,帮助与反馈,阅读与提交组合,在任务内合并，并不删除能力,获得真实帮助，不看到假提交成功,"articleId,feedbackId,attachmentScope,status",返回原故障任务；不要求先交私人内容才能查常见问题。,无真实接收渠道只导出本机反馈文件；失败保留内容。,S1,存在代表性本地交互；不是该职责全量生产实现
help-article,使用说明,FR-049,support,帮助与反馈,阅读与提交组合,在任务内合并，并不删除能力,获得真实帮助，不看到假提交成功,"articleId,feedbackId,attachmentScope,status",返回原故障任务；不要求先交私人内容才能查常见问题。,无真实接收渠道只导出本机反馈文件；失败保留内容。,S1,存在代表性本地交互；不是该职责全量生产实现
feedback,提交反馈,FR-049,support,帮助与反馈,阅读与提交组合,在任务内合并，并不删除能力,获得真实帮助，不看到假提交成功,"articleId,feedbackId,attachmentScope,status",返回原故障任务；不要求先交私人内容才能查常见问题。,无真实接收渠道只导出本机反馈文件；失败保留内容。,S1,存在代表性本地交互；不是该职责全量生产实现
feedback-detail,反馈进度,FR-049,support,帮助与反馈,阅读与提交组合,在任务内合并，并不删除能力,获得真实帮助，不看到假提交成功,"articleId,feedbackId,attachmentScope,status",返回原故障任务；不要求先交私人内容才能查常见问题。,无真实接收渠道只导出本机反馈文件；失败保留内容。,S1,存在代表性本地交互；不是该职责全量生产实现
notifications,消息,FR-043,notifications,通知,收件箱 + 原对象跳转,在任务内合并，并不删除能力,理解一条服务消息对应哪件事,"notificationId,targetType,targetId",返回原通知列表；拒绝推送不挡应用内消息。,目标已删显示原因不复活；消息已读不改变原业务状态。,S3,完整结构与异常方案；本轮未做独立高保真页面
notification-detail,消息详情,FR-043,notifications,通知,收件箱 + 原对象跳转,在任务内合并，并不删除能力,理解一条服务消息对应哪件事,"notificationId,targetType,targetId",返回原通知列表；拒绝推送不挡应用内消息。,目标已删显示原因不复活；消息已读不改变原业务状态。,S3,完整结构与异常方案；本轮未做独立高保真页面
about,关于产品,FR-049,support,帮助与反馈,阅读与提交组合,在任务内合并，并不删除能力,获得真实帮助，不看到假提交成功,"articleId,feedbackId,attachmentScope,status",返回原故障任务；不要求先交私人内容才能查常见问题。,无真实接收渠道只导出本机反馈文件；失败保留内容。,S1,存在代表性本地交互；不是该职责全量生产实现
membership,会员与权益,"FR-023,FR-050,FR-051,FR-054",membership,使用与会员,权益说明页,在任务内合并，并不删除能力,先清楚理解已有/可买权益,"accountId,entitlementId,planId,planVersion",取消回原任务草稿；恢复购买≠资料恢复。,已付钱和权益生效分开；额度未知不写无限；旧资料可读导出为建议。,S3,存在代表性本地交互；不是该职责全量生产实现
plan-detail,会员方案详情,FR-050,membership,使用与会员,权益说明页,在任务内合并，并不删除能力,先清楚理解已有/可买权益,"accountId,entitlementId,planId,planVersion",取消回原任务草稿；恢复购买≠资料恢复。,已付钱和权益生效分开；额度未知不写无限；旧资料可读导出为建议。,S3,存在代表性本地交互；不是该职责全量生产实现
checkout,确认开通（演示）,FR-051,checkout,购买确认,单一任务页,在任务内合并，并不删除能力,确认这一次到底买什么,"checkoutId,planId,planVersion,priceQuoteId,returnTarget",回原草稿；不同方案明确重新选择，不悄悄替换年/月。,方案变更/报价过期重新明确；取消支付查原订单状态不重复创建。,S3,存在代表性本地交互；不是该职责全量生产实现
payment-result,支付结果,"FR-051,FR-052",order,原单核验与售后,原对象详情 + 申请层,在任务内合并，并不删除能力,核对付款、权益、退款的真实状态,"orderId,paymentId,entitlementId,refundId,idempotencyKey",处理结束返回原任务；一条原单贯穿核验、售后、恢复。,付款未知先查原单；申请不等于到账；回调乱序不能把已付降为待付。,S3,存在代表性本地交互；不是该职责全量生产实现
orders,订单记录,FR-052,orders,订单记录,账单列表,在任务内合并，并不删除能力,找回原来的交易,"accountId,orderId,originalPlanSnapshot",按原orderId打开；列表不读取当前售卖页默认方案。,身份不符拒绝；查询失败显示未知而非未支付。,S3,存在代表性本地交互；不是该职责全量生产实现
order-detail,订单详情,"FR-051,FR-052,FR-053",order,原单核验与售后,原对象详情 + 申请层,在任务内合并，并不删除能力,核对付款、权益、退款的真实状态,"orderId,paymentId,entitlementId,refundId,idempotencyKey",处理结束返回原任务；一条原单贯穿核验、售后、恢复。,付款未知先查原单；申请不等于到账；回调乱序不能把已付降为待付。,S3,存在代表性本地交互；不是该职责全量生产实现
refund-request,申请退款,FR-053,order,原单核验与售后,原对象详情 + 申请层,在任务内合并，并不删除能力,核对付款、权益、退款的真实状态,"orderId,paymentId,entitlementId,refundId,idempotencyKey",处理结束返回原任务；一条原单贯穿核验、售后、恢复。,付款未知先查原单；申请不等于到账；回调乱序不能把已付降为待付。,S3,存在代表性本地交互；不是该职责全量生产实现
refund-status,退款进度,FR-053,order,原单核验与售后,原对象详情 + 申请层,在任务内合并，并不删除能力,核对付款、权益、退款的真实状态,"orderId,paymentId,entitlementId,refundId,idempotencyKey",处理结束返回原任务；一条原单贯穿核验、售后、恢复。,付款未知先查原单；申请不等于到账；回调乱序不能把已付降为待付。,S3,存在代表性本地交互；不是该职责全量生产实现
purchase-restore,恢复购买,FR-054,membership,使用与会员,权益说明页,在任务内合并，并不删除能力,先清楚理解已有/可买权益,"accountId,entitlementId,planId,planVersion",取消回原任务草稿；恢复购买≠资料恢复。,已付钱和权益生效分开；额度未知不写无限；旧资料可读导出为建议。,S3,存在代表性本地交互；不是该职责全量生产实现
subscription-settings,续费管理方案,FR-054,membership,使用与会员,权益说明页,在任务内合并，并不删除能力,先清楚理解已有/可买权益,"accountId,entitlementId,planId,planVersion",取消回原任务草稿；恢复购买≠资料恢复。,已付钱和权益生效分开；额度未知不写无限；旧资料可读导出为建议。,S3,存在代表性本地交互；不是该职责全量生产实现
