需求ID,类别,名称,新承载,原确认状态,本轮处理,实现边界
FR-001,functional,四个主入口与首次认识,"assistant,explore,home,me",用户明确能力；具体名称、入口密度与首次提示形式为设计建议,保留需求语义，按任务合并承载；确认状态沿用原文，方案不变成用户已确认。,覆盖到设计契约；仅已交付原型路径可运行，其余不宣称实现。
FR-002,functional,16PF双版本选择与版本透明,"assessment-detail,home",用户明确双版本能力；首版双版本同时可用未确认,保留需求语义，按任务合并承载；确认状态沿用原文，方案不变成用户已确认。,覆盖到设计契约；仅已交付原型路径可运行，其余不宣称实现。
FR-003,functional,按生活问题发现与保留题组,"article,explore,light-suite",用户明确多主题测评方向；目录合并、筛选与收藏细节为设计建议,保留需求语义，按任务合并承载；确认状态沿用原文，方案不变成用户已确认。,覆盖到设计契约；仅已交付原型路径可运行，其余不宣称实现。
FR-004,functional,题组用途与依据透明,assessment-detail,用户明确可信内容目标；详情组织为设计建议,保留需求语义，按任务合并承载；确认状态沿用原文，方案不变成用户已确认。,覆盖到设计契约；仅已交付原型路径可运行，其余不宣称实现。
FR-005,functional,本地内容包与按需更新,content,用户明确本地优先方向；包管理与更新机制为设计补充,保留需求语义，按任务合并承载；确认状态沿用原文，方案不变成用户已确认。,覆盖到设计契约；仅已交付原型路径可运行，其余不宣称实现。
FR-006,functional,稳定作答与题内操作,"assessment-detail,question",用户明确核心能力与流畅要求；控件布局细节建议,保留需求语义，按任务合并承载；确认状态沿用原文，方案不变成用户已确认。,覆盖到设计契约；仅已交付原型路径可运行，其余不宣称实现。
FR-007,functional,中断恢复与多份草稿,"home,question,records,recovery",用户明确恢复与历史能力；异常处理细节建议,保留需求语义，按任务合并承载；确认状态沿用原文，方案不变成用户已确认。,覆盖到设计契约；仅已交付原型路径可运行，其余不宣称实现。
FR-008,functional,答卷检查与确定性结果保存,"report,review",用户明确闭环与可靠性目标；提交状态与幂等设计建议,保留需求语义，按任务合并承载；确认状态沿用原文，方案不变成用户已确认。,覆盖到设计契约；仅已交付原型路径可运行，其余不宣称实现。
FR-009,functional,可阅读的因子瓶报告,report,用户明确因子瓶、图形化与不使用双极谱/雷达；解释布局为建议,保留需求语义，按任务合并承载；确认状态沿用原文，方案不变成用户已确认。,覆盖到设计契约；仅已交付原型路径可运行，其余不宣称实现。
FR-010,functional,对报告表达异议和补充情境,"portrait,report",用户明确允许质疑和补充；页内编辑方案建议,保留需求语义，按任务合并承载；确认状态沿用原文，方案不变成用户已确认。,覆盖到设计契约；仅已交付原型路径可运行，其余不宣称实现。
FR-011,functional,历史找回与情境时间线,"light-suite,records,recovery",用户明确长期记录与回看；时间线/筛选形态建议,保留需求语义，按任务合并承载；确认状态沿用原文，方案不变成用户已确认。,覆盖到设计契约；仅已交付原型路径可运行，其余不宣称实现。
FR-012,functional,有条件的两次结果比较,"compare,records",用户明确长期变化方向；比较能力与可比规则为设计补充,保留需求语义，按任务合并承载；确认状态沿用原文，方案不变成用户已确认。,覆盖到设计契约；仅已交付原型路径可运行，其余不宣称实现。
FR-013,functional,分享预览与分享范围,"records,share",设计补充；分享方式与首版范围未确认,保留需求语义，按任务合并承载；确认状态沿用原文，方案不变成用户已确认。,覆盖到设计契约；仅已交付原型路径可运行，其余不宣称实现。
FR-014,functional,单因子选择与局部探索,"assessment-detail,light-suite,question,report",用户明确单因子能力；可用内容与首批开放条件待确认,保留需求语义，按任务合并承载；确认状态沿用原文，方案不变成用户已确认。,覆盖到设计契约；仅已交付原型路径可运行，其余不宣称实现。
FR-015,functional,每日随机自我观察,"light-suite,question,records",用户明确每日随机方向；随机规则与首批范围建议,保留需求语义，按任务合并承载；确认状态沿用原文，方案不变成用户已确认。,覆盖到设计契约；仅已交付原型路径可运行，其余不宣称实现。
FR-016,functional,模拟人格组合与假设解释,light-suite,用户明确模拟方向；操作与保存细节建议,保留需求语义，按任务合并承载；确认状态沿用原文，方案不变成用户已确认。,覆盖到设计契约；仅已交付原型路径可运行，其余不宣称实现。
FR-017,functional,现实选择的条件梳理,"assessment-detail,explore,journal",用户明确现实问题题组方向；独立梳理能力为设计补充,保留需求语义，按任务合并承载；确认状态沿用原文，方案不变成用户已确认。,覆盖到设计契约；仅已交付原型路径可运行，其余不宣称实现。
FR-018,functional,可选记录当时状态,"assessment-detail,journal,report",设计补充；情境理解方向已有用户明确愿景,保留需求语义，按任务合并承载；确认状态沿用原文，方案不变成用户已确认。,覆盖到设计契约；仅已交付原型路径可运行，其余不宣称实现。
FR-019,functional,概念阅读与带出处提问,"article,conversation",可信易懂解释为用户明确目标；知识阅读与片段提问方案建议,保留需求语义，按任务合并承载；确认状态沿用原文，方案不变成用户已确认。,覆盖到设计契约；仅已交付原型路径可运行，其余不宣称实现。
FR-020,functional,连续对话与可控生成,"assistant,conversation",用户明确个人助理方向；会话组织和生成控制建议,保留需求语义，按任务合并承载；确认状态沿用原文，方案不变成用户已确认。,覆盖到设计契约；仅已交付原型路径可运行，其余不宣称实现。
FR-021,functional,会话历史与原任务找回,"conversation,conversations",用户明确长期个人助理与记忆方向；历史实现细节建议,保留需求语义，按任务合并承载；确认状态沿用原文，方案不变成用户已确认。,覆盖到设计契约；仅已交付原型路径可运行，其余不宣称实现。
FR-022,functional,本次AI资料选择与快照核对,"analysis,assistant,context",用户明确结合分析/描述/记忆方向；资料选择与快照控制为设计补充,保留需求语义，按任务合并承载；确认状态沿用原文，方案不变成用户已确认。,覆盖到设计契约；仅已交付原型路径可运行，其余不宣称实现。
FR-023,functional,AI访问与共享次数,"analysis,assistant,membership,usage",用户明确0/10共享规则；预占/完成扣次/失败释放为设计建议,保留需求语义，按任务合并承载；确认状态沿用原文，方案不变成用户已确认。,覆盖到设计契约；仅已交付原型路径可运行，其余不宣称实现。
FR-024,functional,AI用量与请求核对,"analysis,usage",设计补充；服务端额度事实为当前配套设计要求,保留需求语义，按任务合并承载；确认状态沿用原文，方案不变成用户已确认。,覆盖到设计契约；仅已交付原型路径可运行，其余不宣称实现。
FR-025,functional,主动AI分析与结果阅读,analysis,用户明确AI分析能力；分析任务/结果组织建议,保留需求语义，按任务合并承载；确认状态沿用原文，方案不变成用户已确认。,覆盖到设计契约；仅已交付原型路径可运行，其余不宣称实现。
FR-026,functional,多角度个人画像,"journal,portrait",用户明确图形化画像、未知灰色；拓扑形式和情境视图建议,保留需求语义，按任务合并承载；确认状态沿用原文，方案不变成用户已确认。,覆盖到设计契约；仅已交付原型路径可运行，其余不宣称实现。
FR-027,functional,本人纠正与不同来源并读,portrait,用户明确纠正和情境理解；并读与来源规则建议,保留需求语义，按任务合并承载；确认状态沿用原文，方案不变成用户已确认。,覆盖到设计契约；仅已交付原型路径可运行，其余不宣称实现。
FR-028,functional,记忆候选与确认,memories,用户明确个人记忆方向；候选确认机制为设计建议,保留需求语义，按任务合并承载；确认状态沿用原文，方案不变成用户已确认。,覆盖到设计契约；仅已交付原型路径可运行，其余不宣称实现。
FR-029,functional,记忆修订与来源追溯,memories,用户明确记忆可理解可修正方向；编辑/历史/来源细节建议,保留需求语义，按任务合并承载；确认状态沿用原文，方案不变成用户已确认。,覆盖到设计契约；仅已交付原型路径可运行，其余不宣称实现。
FR-030,functional,聊天留存与长期记忆分别控制,"conversation,privacy",用户明确个人资料控制目标；具体开关与默认值为设计补充,保留需求语义，按任务合并承载；确认状态沿用原文，方案不变成用户已确认。,覆盖到设计契约；仅已交付原型路径可运行，其余不宣称实现。
FR-031,functional,一次轻量尝试与回看,actions,愿景明确理解联系行动；基础行动闭环为近期设计建议，非已批准MVP,保留需求语义，按任务合并承载；确认状态沿用原文，方案不变成用户已确认。,覆盖到设计契约；仅已交付原型路径可运行，其余不宣称实现。
FR-032,functional,独立观察与经历记录,"actions,journal,records",长期认识记录为用户明确方向；独立观察能力为设计补充,保留需求语义，按任务合并承载；确认状态沿用原文，方案不变成用户已确认。,覆盖到设计契约；仅已交付原型路径可运行，其余不宣称实现。
FR-033,functional,持续生活问题空间,"journal,life-spaces",设计补充；复杂容器不是已批准首版要求,保留需求语义，按任务合并承载；确认状态沿用原文，方案不变成用户已确认。,覆盖到设计契约；仅已交付原型路径可运行，其余不宣称实现。
FR-034,functional,助理Skills与协作方法,skills,用户明确Skills可后置；具体能力与接入方式未确认,保留需求语义，按任务合并承载；确认状态沿用原文，方案不变成用户已确认。,覆盖到设计契约；仅已交付原型路径可运行，其余不宣称实现。
FR-035,functional,本人选择的回看提醒,"actions,reminders",设计补充；系统提醒明确按需扩展,保留需求语义，按任务合并承载；确认状态沿用原文，方案不变成用户已确认。,覆盖到设计契约；仅已交付原型路径可运行，其余不宣称实现。
FR-036,functional,我的与个人信息维护,me,用户明确我的和个人资料功能；字段与布局建议,保留需求语义，按任务合并承载；确认状态沿用原文，方案不变成用户已确认。,覆盖到设计契约；仅已交付原型路径可运行，其余不宣称实现。
FR-037,functional,登录注册与验证承接,auth,用户明确注册登录与AI门槛；手机号等方式仍待定,保留需求语义，按任务合并承载；确认状态沿用原文，方案不变成用户已确认。,覆盖到设计契约；仅已交付原型路径可运行，其余不宣称实现。
FR-038,functional,账号恢复与安全状态,account,用户明确基础账号管理方向；恢复机制为设计补充,保留需求语义，按任务合并承载；确认状态沿用原文，方案不变成用户已确认。,覆盖到设计契约；仅已交付原型路径可运行，其余不宣称实现。
FR-039,functional,账号注销与范围明确的删除,"account,privacy",账号/资料控制为用户明确方向；注销状态和流程设计补充,保留需求语义，按任务合并承载；确认状态沿用原文，方案不变成用户已确认。,覆盖到设计契约；仅已交付原型路径可运行，其余不宣称实现。
FR-040,functional,阅读与助理表达偏好,settings,用户明确统一成熟体验；具体阅读与表达设置为设计补充,保留需求语义，按任务合并承载；确认状态沿用原文，方案不变成用户已确认。,覆盖到设计契约；仅已交付原型路径可运行，其余不宣称实现。
FR-041,functional,主题切换与潮汐呼吸,"appearance,home,settings",用户明确主题、多色亮色、动态呼吸方向；配色与时长参数未确认,保留需求语义，按任务合并承载；确认状态沿用原文，方案不变成用户已确认。,覆盖到设计契约；仅已交付原型路径可运行，其余不宣称实现。
FR-042,functional,个人形象切换与编辑预览,"appearance,home",用户明确形象保留/可切换研究方向；捏脸与素材库为条件能力,保留需求语义，按任务合并承载；确认状态沿用原文，方案不变成用户已确认。,覆盖到设计契约；仅已交付原型路径可运行，其余不宣称实现。
FR-043,functional,服务消息与通知偏好,"notifications,reminders",基础服务配套设计补充；系统通知条件启用,保留需求语义，按任务合并承载；确认状态沿用原文，方案不变成用户已确认。,覆盖到设计契约；仅已交付原型路径可运行，其余不宣称实现。
FR-044,functional,用途说明、系统权限与协议阅读,privacy,用户明确轻联网及个人控制目标；协议与权限设计配套，非法律结论,保留需求语义，按任务合并承载；确认状态沿用原文，方案不变成用户已确认。,覆盖到设计契约；仅已交付原型路径可运行，其余不宣称实现。
FR-045,functional,资料总览与选择导出,data,用户明确数据控制与本地优先；导出交付形式设计建议,保留需求语义，按任务合并承载；确认状态沿用原文，方案不变成用户已确认。,覆盖到设计契约；仅已交付原型路径可运行，其余不宣称实现。
FR-046,functional,备份导入与冲突处理,"data,sync",资料可迁移方向明确；导入与冲突具体能力为条件设计补充,保留需求语义，按任务合并承载；确认状态沿用原文，方案不变成用户已确认。,覆盖到设计契约；仅已交付原型路径可运行，其余不宣称实现。
FR-047,functional,备份和多设备同步边界,"data,sync",用户明确长期多端与资料控制方向；同步服务未定,保留需求语义，按任务合并承载；确认状态沿用原文，方案不变成用户已确认。,覆盖到设计契约；仅已交付原型路径可运行，其余不宣称实现。
FR-048,functional,按范围清理本机资料,"content,data",用户明确个人资料控制方向；分类清理为设计补充,保留需求语义，按任务合并承载；确认状态沿用原文，方案不变成用户已确认。,覆盖到设计契约；仅已交付原型路径可运行，其余不宣称实现。
FR-049,functional,使用帮助与可追踪反馈,support,用户明确基础管理配套与持续交付目标；支持实现形式为设计补充,保留需求语义，按任务合并承载；确认状态沿用原文，方案不变成用户已确认。,覆盖到设计契约；仅已交付原型路径可运行，其余不宣称实现。
FR-050,functional,会员方案与权益理解,"membership,usage",用户明确会员/充值能力；价格、额度与具体权益未确认,保留需求语义，按任务合并承载；确认状态沿用原文，方案不变成用户已确认。,覆盖到设计契约；仅已交付原型路径可运行，其余不宣称实现。
FR-051,functional,一次购买确认与支付返回,"checkout,membership,order",用户明确支付设计；渠道与交易状态细节为条件设计补充,保留需求语义，按任务合并承载；确认状态沿用原文，方案不变成用户已确认。,覆盖到设计契约；仅已交付原型路径可运行，其余不宣称实现。
FR-052,functional,订单查询与交易一致性,"order,orders",用户明确订单管理配套；具体查询设计建议,保留需求语义，按任务合并承载；确认状态沿用原文，方案不变成用户已确认。,覆盖到设计契约；仅已交付原型路径可运行，其余不宣称实现。
FR-053,functional,退款申请与到账进度,order,商业闭环条件能力；具体退款资格与规则未确认,保留需求语义，按任务合并承载；确认状态沿用原文，方案不变成用户已确认。,覆盖到设计契约；仅已交付原型路径可运行，其余不宣称实现。
FR-054,functional,已有购买恢复与续费管理,membership,用户明确会员方向；购买恢复和续费属于随渠道启用的条件能力,保留需求语义，按任务合并承载；确认状态沿用原文，方案不变成用户已确认。,覆盖到设计契约；仅已交付原型路径可运行，其余不宣称实现。
FR-055,functional,本人资料跨类别本地检索,"conversations,data,memories,records",用户授权纳入候选；具体实施、索引方式及首版未确认,保留需求语义，按任务合并承载；确认状态沿用原文，方案不变成用户已确认。,覆盖到设计契约；仅已交付原型路径可运行，其余不宣称实现。
FR-056,functional,设备私密查看保护,"account,privacy,settings",用户授权纳入候选；具体保护方式、实施及首版未确认,保留需求语义，按任务合并承载；确认状态沿用原文，方案不变成用户已确认。,覆盖到设计契约；仅已交付原型路径可运行，其余不宣称实现。
NFR-001,crosscutting,中文表达与任务层级,"assistant,home,me,report",简单直接好看、轻文案方向已明确；具体版式与措辞为待打磨设计,保留需求语义，按任务合并承载；确认状态沿用原文，方案不变成用户已确认。,覆盖到设计契约；仅已交付原型路径可运行，其余不宣称实现。
NFR-002,crosscutting,所有操作默认可辨认,,用户明确要求；具体尺寸与组件参数待按平台定案,保留需求语义，按任务合并承载；确认状态沿用原文，方案不变成用户已确认。,覆盖到设计契约；仅已交付原型路径可运行，其余不宣称实现。
NFR-003,crosscutting,连续导航与适度页面拆分,,四TAB、无固定标题栏和减少无意义入口已明确；65承载映射是建议，未全量实现,保留需求语义，按任务合并承载；确认状态沿用原文，方案不变成用户已确认。,覆盖到设计契约；仅已交付原型路径可运行，其余不宣称实现。
NFR-004,crosscutting,统一视觉与主题形象分离,"appearance,home",方向已明确；具体配色、最终形象和资产尚未获最终认可,保留需求语义，按任务合并承载；确认状态沿用原文，方案不变成用户已确认。,覆盖到设计契约；仅已交付原型路径可运行，其余不宣称实现。
NFR-005,crosscutting,潮汐呼吸与减少动态,"appearance,settings",年轻、动态、呼吸感已明确；强度、节奏与减少动态实现细节为设计要求草案,保留需求语义，按任务合并承载；确认状态沿用原文，方案不变成用户已确认。,覆盖到设计契约；仅已交付原型路径可运行，其余不宣称实现。
NFR-006,crosscutting,可读可操作与辅助访问,,来自已确认稳定一致体验的设计标准细化；不声明已达成无障碍合规,保留需求语义，按任务合并承载；确认状态沿用原文，方案不变成用户已确认。,覆盖到设计契约；仅已交付原型路径可运行，其余不宣称实现。
NFR-007,crosscutting,图形含义与未知表达,"light-suite,portrait,report",因子瓶、画像图形化及未知灰色已明确；具体图形参数与评分依据未定,保留需求语义，按任务合并承载；确认状态沿用原文，方案不变成用户已确认。,覆盖到设计契约；仅已交付原型路径可运行，其余不宣称实现。
NFR-008,crosscutting,题源与正式使用资格,"assessment-detail,content",跨端题库维护及可信内容目标已明确；具体题库正式资格逐套待核实,保留需求语义，按任务合并承载；确认状态沿用原文，方案不变成用户已确认。,覆盖到设计契约；仅已交付原型路径可运行，其余不宣称实现。
NFR-009,crosscutting,确定性计算与AI职责边界,"analysis,conversation,question,report",有依据结果与助理边界属于愿景细化；具体算法与解释包待题库核实,保留需求语义，按任务合并承载；确认状态沿用原文，方案不变成用户已确认。,覆盖到设计契约；仅已交付原型路径可运行，其余不宣称实现。
NFR-010,crosscutting,版本固定与比较边界,"compare,question,records,recovery",长期积累和可靠恢复已确认；版本锁等实现方案为架构建议,保留需求语义，按任务合并承载；确认状态沿用原文，方案不变成用户已确认。,覆盖到设计契约；仅已交付原型路径可运行，其余不宣称实现。
NFR-011,crosscutting,本地优先与轻量联网,,重本地、减少联网已由用户明确；数据库、缓存和更新技术待定,保留需求语义，按任务合并承载；确认状态沿用原文，方案不变成用户已确认。,覆盖到设计契约；仅已交付原型路径可运行，其余不宣称实现。
NFR-012,crosscutting,身份隔离与最小数据外发,"account,auth,context,data,privacy",每人独立、本地优先与资料可控已明确；技术方案及外发告知细节待定,保留需求语义，按任务合并承载；确认状态沿用原文，方案不变成用户已确认。,覆盖到设计契约；仅已交付原型路径可运行，其余不宣称实现。
NFR-013,crosscutting,对象身份与返回上下文连续,,完整连续体验已明确；对象契约为路由收敛方案，仍需实现,保留需求语义，按任务合并承载；确认状态沿用原文，方案不变成用户已确认。,覆盖到设计契约；仅已交付原型路径可运行，其余不宣称实现。
NFR-014,crosscutting,真实保存与重复操作恢复,"analysis,order,question,recovery,review",可靠恢复目标明确；幂等、原子状态和计次细则为当前架构/后端建议,保留需求语义，按任务合并承载；确认状态沿用原文，方案不变成用户已确认。,覆盖到设计契约；仅已交付原型路径可运行，其余不宣称实现。
NFR-015,crosscutting,跨端共享语义与适度模块分工,,跨端内容维护、Android先行已明确；模块组织与技术细节为实施建议,保留需求语义，按任务合并承载；确认状态沿用原文，方案不变成用户已确认。,覆盖到设计契约；仅已交付原型路径可运行，其余不宣称实现。
NFR-016,crosscutting,个人记忆全生命周期,"data,memories,privacy",可控个人记忆与助理理解已明确；保存策略、保留期限和具体界面为提案,保留需求语义，按任务合并承载；确认状态沿用原文，方案不变成用户已确认。,覆盖到设计契约；仅已交付原型路径可运行，其余不宣称实现。
NFR-017,crosscutting,关键状态与反馈真实一致,,稳定连续与按钮反馈已明确；具体状态机为当前设计细化,保留需求语义，按任务合并承载；确认状态沿用原文，方案不变成用户已确认。,覆盖到设计契约；仅已交付原型路径可运行，其余不宣称实现。
NFR-018,crosscutting,首开与导航性能证据,,流畅、避免十几秒等待和白屏是明确目标；量化门槛未定,保留需求语义，按任务合并承载；确认状态沿用原文，方案不变成用户已确认。,覆盖到设计契约；仅已交付原型路径可运行，其余不宣称实现。
NFR-019,crosscutting,验证对应用户任务和证据边界,,用户与项目明确的执行规范,保留需求语义，按任务合并承载；确认状态沿用原文，方案不变成用户已确认。,覆盖到设计契约；仅已交付原型路径可运行，其余不宣称实现。
NFR-020,crosscutting,完整愿景与首版切片分开,,愿景已确认；具体MVP仍为建议,保留需求语义，按任务合并承载；确认状态沿用原文，方案不变成用户已确认。,覆盖到设计契约；仅已交付原型路径可运行，其余不宣称实现。
NFR-021,crosscutting,两套设计隔离与按授权推广,,用户明确长期保留两套,保留需求语义，按任务合并承载；确认状态沿用原文，方案不变成用户已确认。,覆盖到设计契约；仅已交付原型路径可运行，其余不宣称实现。
NFR-022,crosscutting,单人项目的多AI接续与关键变更维护,,用户明确单人负责、多个AI协作和事件触发文档维护,保留需求语义，按任务合并承载；确认状态沿用原文，方案不变成用户已确认。,覆盖到设计契约；仅已交付原型路径可运行，其余不宣称实现。
NFR-023,crosscutting,历史复用和错误保留,,用户与项目明确规则,保留需求语义，按任务合并承载；确认状态沿用原文，方案不变成用户已确认。,覆盖到设计契约；仅已交付原型路径可运行，其余不宣称实现。
NFR-024,crosscutting,实际服务可维护与交付可辨认,,可持续实际交付为已确认愿景；具体监控、支持与发布方案待触发,保留需求语义，按任务合并承载；确认状态沿用原文，方案不变成用户已确认。,覆盖到设计契约；仅已交付原型路径可运行，其余不宣称实现。
BR-001,backend,账号、管理访问及基础权益,ops-br-001,账号/用户管理/AI准入已明确；身份方式、角色细节与管理承载是提案。权益节点亦被BR-003引用其付费部分。,作为服务端责任与运营工作台边界；不为每个名词建立独立后台系统。,覆盖到设计契约；仅已交付原型路径可运行，其余不宣称实现。
BR-002,backend,共享额度、任务恢复与服务约束,ops-br-002,0/10共享规则已确认；日界线、预占/消费/释放细则、恢复窗口、会员额度和供应商待定。,作为服务端责任与运营工作台边界；不为每个名词建立独立后台系统。,覆盖到设计契约；仅已交付原型路径可运行，其余不宣称实现。
BR-003,backend,收款到权益及售后完整闭环,ops-br-003,会员/充值/配套后台已纳入完整设计；价格、渠道、会员额度、续费与退款政策未定，未授权真实收款。,作为服务端责任与运营工作台边界；不为每个名词建立独立后台系统。,覆盖到设计契约；仅已交付原型路径可运行，其余不宣称实现。
BR-004,backend,内容版本和发布条件,ops-br-004,题库跨端维护已明确；后台发布方式与正式内容清单待定。,作为服务端责任与运营工作台边界；不为每个名词建立独立后台系统。,覆盖到设计契约；仅已交付原型路径可运行，其余不宣称实现。
BR-005,backend,反馈、服务消息与回复,ops-br-005,支持维护属于长期愿景与完整设计；具体渠道、响应安排和公告机制未定。,作为服务端责任与运营工作台边界；不为每个名词建立独立后台系统。,覆盖到设计契约；仅已交付原型路径可运行，其余不宣称实现。
BR-006,backend,资料与账号请求的真实执行范围,ops-br-006,个人控制方向已明确；保留期限、具体数据范围和服务方配合机制待定。,作为服务端责任与运营工作台边界；不为每个名词建立独立后台系统。,覆盖到设计契约；仅已交付原型路径可运行，其余不宣称实现。
BR-007,backend,实际服务状态与成本概览,ops-br-007,可维护服务属长期愿景；具体指标和后台承载是设计提案。,作为服务端责任与运营工作台边界；不为每个名词建立独立后台系统。,覆盖到设计契约；仅已交付原型路径可运行，其余不宣称实现。
BR-008,backend,有效配置与必要管理记录,ops-br-008,后台配套与真实交付已明确；具体审计范围、保留期和配置管理方式待定。,作为服务端责任与运营工作台边界；不为每个名词建立独立后台系统。,覆盖到设计契约；仅已交付原型路径可运行，其余不宣称实现。
